{
  "schema_version": "1.0",
  "question": "Q1",
  "result": {
    "durations_s": {
      "M1": 1.3916778564453125
    },
    "intervals_s": {
      "M1": [
        [
          8.056428527832033,
          9.448106384277345
        ]
      ]
    },
    "objective_missile_s": 1.3916778564453125,
    "objective_lower_bound_missile_s": 1.3902664184570312,
    "objective_upper_bound_missile_s": 1.3930130004882812,
    "temporal_uncertainty_missile_s": 0.00274658203125,
    "min_duration_s": 1.3916778564453125,
    "diagnostics": {
      "M1": {
        "duration_s": 1.3916778564453125,
        "duration_lower_bound_s": 1.3902664184570312,
        "duration_upper_bound_s": 1.3930130004882812,
        "temporal_uncertainty_s": 0.00274658203125,
        "uncertain_cell_count": 72,
        "function_evaluations": 1673,
        "temporal_tolerance_s": 5e-05,
        "temporal_lipschitz_mps": 303.0,
        "temporal_method": "adaptive-lipschitz-interval-classification"
      }
    },
    "actions": [
      {
        "drone": "FY1",
        "heading_deg": 180.0,
        "speed_mps": 120.0,
        "release_time_s": 1.5,
        "fuse_delay_s": 3.6,
        "burst_time_s": 5.1,
        "release_point_m": [
          17620.0,
          2.2043642384652358e-14,
          1800.0
        ],
        "burst_point_m": [
          17188.0,
          7.494838410781801e-14,
          1736.496
        ],
        "assigned_missile": "M1"
      }
    ],
    "target_semantics": "finite-cylinder-full-occlusion-by-spatial-union",
    "target_sample_count": 1082,
    "continuous_time_method": "adaptive-lipschitz-interval-classification"
  },
  "sensitivity": {
    "bottom_center_duration_s": 1.41021728515625,
    "mid_center_duration_s": 1.435089111328125
  },
  "metrics": {
    "duration_s": 1.3916778564453125,
    "left_endpoint_s": 8.056428527832033,
    "right_endpoint_s": 9.448106384277345
  }
}