{
  "schema_version": "1.0",
  "question": "Q3",
  "search": {
    "algorithm": "shared-path-differential-evolution",
    "seeds": [
      202503,
      202513
    ],
    "selected_seed": "pre-revision-feasible-baseline",
    "trials": [
      {
        "seed": 202503,
        "evaluations": 2217,
        "proxy_best_s": 6.249922649950803,
        "exact_objective_s": 6.186474427923234,
        "exact_lower_bound_s": 6.186364269902794
      },
      {
        "seed": 202513,
        "evaluations": 1737,
        "proxy_best_s": 6.499919555948836,
        "exact_objective_s": 6.266536987422768,
        "exact_lower_bound_s": 6.266345303310832
      },
      {
        "seed": "pre-revision-feasible-baseline",
        "evaluations": 1,
        "proxy_best_s": 6.499919555948836,
        "exact_objective_s": 6.403136776467861,
        "exact_lower_bound_s": 6.403136776467861
      }
    ],
    "initial_population_size": 48,
    "baseline_proxy_s": 4.74994121396261
  },
  "result": {
    "durations_s": {
      "M1": 6.403136776467861
    },
    "intervals_s": {
      "M1": [
        [
          1.0,
          7.403136776467861
        ]
      ]
    },
    "objective_missile_s": 6.403136776467861,
    "objective_lower_bound_missile_s": 6.403136776467861,
    "objective_upper_bound_missile_s": 6.4032392692933,
    "temporal_uncertainty_missile_s": 0.00010249282543917104,
    "min_duration_s": 6.403136776467861,
    "diagnostics": {
      "M1": {
        "duration_s": 6.403136776467861,
        "duration_lower_bound_s": 6.403136776467861,
        "duration_upper_bound_s": 6.4032392692933,
        "temporal_uncertainty_s": 0.00010249282543917104,
        "uncertain_cell_count": 1,
        "function_evaluations": 841,
        "temporal_tolerance_s": 0.0002,
        "temporal_lipschitz_mps": 303.0,
        "temporal_method": "adaptive-lipschitz-interval-classification"
      }
    },
    "actions": [
      {
        "drone": "FY1",
        "heading_deg": 6.4325262589218655,
        "speed_mps": 125.28736323185103,
        "release_time_s": 0.0,
        "fuse_delay_s": 0.0,
        "burst_time_s": 0.0,
        "release_point_m": [
          17800.0,
          0.0,
          1800.0
        ],
        "burst_point_m": [
          17800.0,
          0.0,
          1800.0
        ],
        "assigned_missile": "M1"
      },
      {
        "drone": "FY1",
        "heading_deg": 6.4325262589218655,
        "speed_mps": 125.28736323185103,
        "release_time_s": 1.0,
        "fuse_delay_s": 0.0,
        "burst_time_s": 1.0,
        "release_point_m": [
          17924.49861403055,
          14.036327513349573,
          1800.0
        ],
        "burst_point_m": [
          17924.49861403055,
          14.036327513349573,
          1800.0
        ],
        "assigned_missile": "M1"
      },
      {
        "drone": "FY1",
        "heading_deg": 6.4325262589218655,
        "speed_mps": 125.28736323185103,
        "release_time_s": 4.339086892067793,
        "fuse_delay_s": 10.094852723855558,
        "burst_time_s": 14.43393961592335,
        "release_point_m": [
          18340.210304220564,
          60.90484472594566,
          1800.0
        ],
        "burst_point_m": [
          19597.005477183102,
          202.5995037570113,
          1300.6603475699635
        ],
        "assigned_missile": "M1"
      }
    ],
    "target_semantics": "finite-cylinder-full-occlusion-by-spatial-union",
    "target_sample_count": 1082,
    "continuous_time_method": "adaptive-lipschitz-interval-classification",
    "individual_durations_s": [
      2.55615234375,
      4.18304443359375,
      0.0
    ]
  },
  "metrics": {
    "duration_s": 6.403136776467861
  }
}