{
  "schema_version": "1.0",
  "question": "Q1",
  "result": {
    "durations_s": {
      "M1": 1.3916455831763876
    },
    "intervals_s": {
      "M1": [
        [
          8.056442575533701,
          9.448088158710089
        ]
      ]
    },
    "objective_missile_s": 1.3916455831763876,
    "min_duration_s": 1.3916455831763876,
    "diagnostics": {
      "M1": {
        "duration_s": 1.3916455831763876,
        "root_count": 2,
        "function_evaluations": 6719,
        "bracket_step_s": 0.01
      }
    },
    "actions": [
      {
        "drone": "FY1",
        "heading_deg": 180.0,
        "speed_mps": 120.0,
        "release_time_s": 1.5,
        "fuse_delay_s": 3.6,
        "burst_time_s": 5.1,
        "release_point_m": [
          17620.0,
          2.2043642384652358e-14,
          1800.0
        ],
        "burst_point_m": [
          17188.0,
          7.494838410781801e-14,
          1736.496
        ],
        "assigned_missile": "M1"
      }
    ],
    "target_semantics": "finite-cylinder-full-occlusion-by-spatial-union",
    "target_sample_count": 1082,
    "continuous_time_method": "event-partition-plus-brent-root-refinement"
  },
  "sensitivity": {
    "bottom_center_duration_s": 1.410197399389368,
    "mid_center_duration_s": 1.4350821019953646
  },
  "metrics": {
    "duration_s": 1.3916455831763876,
    "left_endpoint_s": 8.056442575533701,
    "right_endpoint_s": 9.448088158710089
  }
}