{
  "schema_version": "1.0",
  "question": "Q4",
  "search": {
    "algorithm": "multi-drone-differential-evolution",
    "seed": 202504,
    "evaluations": 12125,
    "proxy_best_s": 15.152495689619442,
    "initial_population_size": 96,
    "baseline_proxy_s": 10.170493236178437
  },
  "result": {
    "durations_s": {
      "M1": 11.491346511204792
    },
    "intervals_s": {
      "M1": [
        [
          1.2684360614558925,
          5.8496756741572655
        ],
        [
          10.548503850046238,
          14.439407674438133
        ],
        [
          23.606245577373997,
          26.62544865148552
        ]
      ]
    },
    "objective_missile_s": 11.491346511204792,
    "min_duration_s": 11.491346511204792,
    "diagnostics": {
      "M1": {
        "duration_s": 11.491346511204792,
        "root_count": 6,
        "function_evaluations": 1732,
        "bracket_step_s": 0.04
      }
    },
    "actions": [
      {
        "drone": "FY1",
        "heading_deg": 6.346111804588276,
        "speed_mps": 118.36994381695882,
        "release_time_s": 0.24865402370438616,
        "fuse_delay_s": 0.5954877516203663,
        "burst_time_s": 0.8441417753247524,
        "release_point_m": [
          17829.252805785676,
          3.2533716363086524,
          1800.0
        ],
        "burst_point_m": [
          17899.308730425,
          11.044691205680003,
          1798.2624322545837
        ],
        "assigned_missile": "M1"
      },
      {
        "drone": "FY2",
        "heading_deg": 276.40413276190856,
        "speed_mps": 139.75543403026546,
        "release_time_s": 3.741987702412821,
        "fuse_delay_s": 5.967716380375645,
        "burst_time_s": 9.709704082788466,
        "release_point_m": [
          12058.331626319266,
          880.3002390510258,
          1400.0
        ],
        "burst_point_m": [
          12151.358816562297,
          51.48383906854724,
          1225.4931698966413
        ],
        "assigned_missile": "M1"
      },
      {
        "drone": "FY3",
        "heading_deg": 90.53562451037284,
        "speed_mps": 139.55366983823427,
        "release_time_s": 17.909239157335207,
        "fuse_delay_s": 4.335210981622374,
        "burst_time_s": 22.244450138957582,
        "release_point_m": [
          5976.635855597401,
          -500.80916119392214,
          700.0
        ],
        "burst_point_m": [
          5970.980199625613,
          104.15900492298215,
          607.9091341496218
        ],
        "assigned_missile": "M1"
      }
    ],
    "target_semantics": "finite-cylinder-full-occlusion-by-spatial-union",
    "target_sample_count": 1082,
    "continuous_time_method": "event-partition-plus-brent-root-refinement",
    "individual_durations_s": [
      4.5812396127015695,
      3.890903824391991,
      3.019203074110596
    ]
  },
  "metrics": {
    "duration_s": 11.491346511204792
  }
}