{
  "schema_version": "1.0",
  "question": "Q5",
  "engine": "24.1.0.2537033 (R2024a)",
  "oracle_semantics": {
    "formulation": "quadratic-segment-sphere-roots-with-endpoint-containment",
    "production_formulation": "projection-clipping-distance",
    "target_sample_count": 1082,
    "action_counts": [
      13,
      14,
      15
    ],
    "time_steps_s": [
      0.1,
      0.05
    ]
  },
  "objectives": {
    "python": [
      30.210364260065887,
      30.55279840342665,
      30.552798403427147
    ],
    "matlab_coarse": [
      30.2103642602532,
      30.552798403619533,
      30.552798403667918
    ],
    "matlab_fine": [
      30.210364260302548,
      30.552798403668881,
      30.552798403668881
    ]
  },
  "fine_per_missile_s": [
    [
      14.155865560773057,
      8.7783883716833717,
      7.276110327846121
    ],
    [
      14.155865560773057,
      8.7783883716833717,
      7.6185444712124539
    ],
    [
      14.155865560773057,
      8.7783883716833717,
      7.6185444712124539
    ]
  ],
  "metrics": {
    "objective_13_missile_s": 30.210364260302548,
    "objective_14_missile_s": 30.552798403668881,
    "objective_15_missile_s": 30.552798403668881,
    "gain_14_to_15_missile_s": 0,
    "production_max_abs_error_missile_s": 2.4223112404797575E-10,
    "step_refinement_max_abs_difference_missile_s": 4.9347192998538958E-11
  },
  "figure": "figures/matlab_q5_action_count_challenge.png"
}